Time (s),Signal (V)
0,2.180459245
0.002,2.225804082
0.004,2.452528266
0.006,2.482758158
0.008,2.407183429
0.01,2.376953538
0.012,2.346723647
0.014,2.256033973
0.016,2.104884517
0.018,2.104884517
0.02,2.029309789
0.022,2.180459245
0.024,2.422298375
0.026,2.497873103
0.028,2.512988049
0.03,2.482758158
0.032,2.30137881
0.034,2.1653443
0.036,2.150229354
0.038,2.180459245
0.04,2.240919028
0.042,2.256033973
0.044,2.376953538
0.046,2.512988049
0.048,2.54321794
0.05,2.407183429
0.052,2.30137881
0.054,1.953735061
0.056,2.05953968
0.058,2.180459245
0.06,2.180459245
0.062,2.346723647
0.064,2.437413321
0.066,2.467643212
0.068,2.452528266
0.07,2.452528266
0.072,2.225804082
0.074,2.1653443
0.076,2.119999463
0.078,2.029309789
0.08,2.089769571
0.082,2.346723647
0.084,2.452528266
0.086,2.452528266
0.088,2.376953538
0.09,2.240919028
0.092,2.225804082
0.094,2.240919028
0.096,2.119999463
0.098,2.05953968
0.1,2.150229354
0.102,2.361838593
0.104,2.482758158
0.106,2.482758158
0.108,2.452528266
0.11,2.361838593
0.112,2.240919028
0.114,2.119999463
0.116,2.05953968
0.118,2.150229354
0.12,2.150229354
0.122,2.286263864
0.124,2.346723647
0.126,2.316493756
0.128,2.376953538
0.13,2.392068484
0.132,2.195574191
0.134,2.150229354
0.136,2.104884517
0.138,2.089769571
0.14,2.104884517
0.142,2.331608701
0.144,2.437413321
0.146,2.497873103
0.148,2.452528266
0.15,2.331608701
0.152,2.180459245
0.154,2.210689136
0.156,2.119999463
0.158,2.119999463
0.16,2.225804082
0.162,2.437413321
0.164,2.618792668
0.166,2.649022559
0.168,2.482758158
0.17,2.376953538
0.172,2.30137881
0.174,2.256033973
0.176,2.044424735
0.178,2.256033973
0.18,2.331608701
0.182,2.528102994
0.184,2.588562777
0.186,2.558332886
0.188,2.528102994
0.19,2.528102994
0.192,2.316493756
0.194,2.271148919
0.196,2.376953538
0.198,2.316493756
0.2,2.422298375
0.202,2.664137505
0.204,2.709482342
0.206,2.664137505
0.208,2.452528266
0.21,2.437413321
0.212,2.30137881
0.214,2.240919028
0.216,2.135114408
0.218,2.135114408
0.22,2.286263864
0.222,2.528102994
0.224,2.528102994
0.226,2.558332886
0.228,2.407183429
0.23,2.331608701
0.232,2.195574191
0.234,2.029309789
0.236,2.05953968
0.238,2.119999463
0.24,2.256033973
0.242,2.30137881
0.244,2.286263864
0.246,2.452528266
0.248,2.422298375
0.25,2.286263864
0.252,2.119999463
0.254,2.014194843
0.256,1.968850007
0.258,2.029309789
0.26,2.135114408
0.262,2.331608701
0.264,2.331608701
0.266,2.361838593
0.268,2.361838593
0.27,2.271148919
0.272,2.104884517
0.274,2.05953968
0.276,2.074654626
0.278,2.104884517
0.28,2.150229354
0.282,2.240919028
0.284,2.422298375
0.286,2.452528266
0.288,2.346723647
0.29,2.286263864
0.292,2.074654626
0.294,1.92350517
0.296,1.92350517
0.298,1.938620115
0.3,2.195574191
0.302,2.271148919
0.304,2.316493756
0.306,2.331608701
0.308,2.331608701
0.31,2.195574191
0.312,2.029309789
0.314,1.983964952
0.316,1.983964952
0.318,1.983964952
0.32,2.074654626
0.322,2.014194843
0.324,2.225804082
0.326,2.286263864
0.328,2.392068484
0.33,2.467643212
0.332,2.422298375
0.334,2.54321794
0.336,2.78505707
0.338,3.087355982
0.34,3.389654895
0.342,3.782643481
0.344,4.190747012
0.346,4.523275816
0.348,4.75
0.35,4.583735598
0.352,4.432586142
0.354,4.251206795
0.356,4.054712502
0.358,3.737298644
0.36,3.495459514
0.362,3.434999731
0.364,3.057126091
0.366,2.664137505
0.368,2.104884517
0.37,1.696780985
0.372,1.636321203
0.374,1.727010877
0.376,1.878160333
0.378,1.92350517
0.38,2.044424735
0.382,2.331608701
0.384,2.422298375
0.386,2.392068484
0.388,2.392068484
0.39,2.346723647
0.392,2.210689136
0.394,2.104884517
0.396,2.1653443
0.398,2.119999463
0.4,2.331608701
0.402,2.392068484
0.404,2.422298375
0.406,2.407183429
0.408,2.467643212
0.41,2.240919028
0.412,2.286263864
0.414,2.210689136
0.416,2.271148919
0.418,2.1653443
0.42,2.240919028
0.422,2.407183429
0.424,2.467643212
0.426,2.376953538
0.428,2.376953538
0.43,2.210689136
0.432,2.1653443
0.434,2.044424735
0.436,2.150229354
0.438,2.286263864
0.44,2.467643212
0.442,2.573447831
0.444,2.437413321
0.446,2.528102994
0.448,2.512988049
0.45,2.30137881
0.452,2.256033973
0.454,2.195574191
0.456,2.240919028
0.458,2.256033973
0.46,2.618792668
0.462,2.664137505
0.464,2.649022559
0.466,2.467643212
0.468,2.437413321
0.47,2.376953538
0.472,2.30137881
0.474,2.30137881
0.476,2.331608701
0.478,2.437413321
0.48,2.437413321
0.482,2.558332886
0.484,2.618792668
0.486,2.603677722
0.488,2.54321794
0.49,2.437413321
0.492,2.392068484
0.494,2.512988049
0.496,2.331608701
0.498,2.195574191
0.5,2.512988049
0.502,2.724597287
0.504,2.769942124
0.506,2.724597287
0.508,2.664137505
0.51,2.482758158
0.512,2.452528266
0.514,2.437413321
0.516,2.467643212
0.518,2.603677722
0.52,2.754827179
0.522,2.815286961
0.524,2.905976635
0.526,2.800172015
0.528,2.78505707
0.53,2.769942124
0.532,2.664137505
0.534,2.649022559
0.536,2.709482342
0.538,2.769942124
0.54,2.966436417
0.542,3.16293071
0.544,3.16293071
0.546,3.132700819
0.548,3.132700819
0.55,2.905976635
0.552,2.830401907
0.554,2.845516852
0.556,2.860631798
0.558,3.0268962
0.56,3.223390493
0.562,3.238505438
0.564,3.329195112
0.566,3.253620384
0.568,3.132700819
0.57,3.0268962
0.572,2.966436417
0.574,2.981551363
0.576,3.057126091
0.578,3.193160601
0.58,3.344310058
0.582,3.40476984
0.584,3.298965221
0.586,3.253620384
0.588,3.102470928
0.59,3.011781254
0.592,2.996666308
0.594,2.830401907
0.596,2.92109158
0.598,3.072241037
0.6,3.087355982
0.602,3.147815765
0.604,3.132700819
0.606,2.92109158
0.608,2.845516852
0.61,2.754827179
0.612,2.739712233
0.614,2.603677722
0.616,2.573447831
0.618,2.618792668
0.62,2.739712233
0.622,2.754827179
0.624,2.905976635
0.626,2.800172015
0.628,2.573447831
0.63,2.407183429
0.632,2.316493756
0.634,2.376953538
0.636,2.376953538
0.638,2.467643212
0.64,2.573447831
0.642,2.588562777
0.644,2.54321794
0.646,2.482758158
0.648,2.331608701
0.65,2.240919028
0.652,2.135114408
0.654,2.180459245
0.656,2.135114408
0.658,2.331608701
0.66,2.452528266
0.662,2.452528266
0.664,2.467643212
0.666,2.437413321
0.668,2.316493756
0.67,2.195574191
0.672,2.119999463
0.674,2.135114408
0.676,2.210689136
0.678,2.407183429
0.68,2.467643212
0.682,2.422298375
0.684,2.392068484
0.686,2.407183429
0.688,2.271148919
0.69,2.1653443
0.692,2.104884517
0.694,2.104884517
0.696,2.180459245
0.698,2.482758158
0.7,2.54321794
0.702,2.331608701
0.704,2.286263864
0.706,2.452528266
0.708,2.271148919
0.71,2.210689136
0.712,2.104884517
0.714,2.119999463
0.716,2.225804082
0.718,2.392068484
0.72,2.467643212
0.722,2.512988049
0.724,2.437413321
0.726,2.407183429
0.728,2.271148919
0.73,2.225804082
0.732,2.1653443
0.734,2.210689136
0.736,2.180459245
0.738,2.361838593
0.74,2.54321794
0.742,2.573447831
0.744,2.528102994
0.746,2.392068484
0.748,2.135114408
0.75,2.135114408
0.752,2.135114408
0.754,2.271148919
0.756,2.286263864
0.758,2.452528266
0.76,2.528102994
0.762,2.467643212
0.764,2.558332886
0.766,2.392068484
0.768,2.119999463
0.77,2.074654626
0.772,2.150229354
0.774,2.271148919
0.776,2.256033973
0.778,2.452528266
0.78,2.497873103
0.782,2.482758158
0.784,2.512988049
0.786,2.482758158
0.788,2.316493756
0.79,2.210689136
0.792,2.240919028
0.794,2.240919028
0.796,2.1653443
0.798,2.452528266
0.8,2.407183429
0.802,2.452528266
0.804,2.437413321
0.806,2.437413321
0.808,2.195574191
0.81,2.135114408
0.812,2.150229354
0.814,2.210689136
0.816,2.286263864
0.818,2.437413321
0.82,2.467643212
0.822,2.437413321
0.824,2.422298375
0.826,2.376953538
0.828,2.225804082
0.83,2.119999463
0.832,2.1653443
0.834,2.150229354
0.836,2.195574191
0.838,2.376953538
0.84,2.407183429
0.842,2.452528266
0.844,2.422298375
0.846,2.30137881
0.848,2.180459245
0.85,2.05953968
0.852,2.044424735
0.854,2.240919028
0.856,2.240919028
0.858,2.376953538
0.86,2.437413321
0.862,2.482758158
0.864,2.422298375
0.866,2.256033973
0.868,2.135114408
0.87,2.150229354
0.872,2.119999463
0.874,2.195574191
0.876,2.286263864
0.878,2.467643212
0.88,2.497873103
0.882,2.467643212
0.884,2.30137881
0.886,2.240919028
0.888,2.180459245
0.89,2.195574191
0.892,2.074654626
0.894,2.089769571
0.896,2.225804082
0.898,2.407183429
0.9,2.437413321
0.902,2.482758158
0.904,2.392068484
0.906,2.210689136
0.908,2.029309789
0.91,2.074654626
0.912,2.135114408
0.914,2.135114408
0.916,2.180459245
0.918,2.392068484
0.92,2.467643212
0.922,2.376953538
0.924,2.331608701
0.926,2.30137881
0.928,2.256033973
0.93,2.074654626
0.932,2.044424735
0.934,2.150229354
0.936,2.256033973
0.938,2.392068484
0.94,2.422298375
0.942,2.271148919
0.944,2.316493756
0.946,2.210689136
0.948,2.119999463
0.95,2.074654626
0.952,2.135114408
0.954,2.135114408
0.956,2.331608701
0.958,2.135114408
0.96,2.392068484
0.962,2.467643212
0.964,2.376953538
0.966,2.195574191
0.968,2.104884517
0.97,2.074654626
0.972,2.135114408
0.974,2.1653443
0.976,2.286263864
0.978,2.437413321
0.98,2.392068484
0.982,2.30137881
0.984,2.271148919
0.986,2.195574191
0.988,2.195574191
0.99,2.089769571
0.992,2.135114408
0.994,2.256033973
0.996,2.437413321
0.998,2.452528266
1,2.467643212
1.002,2.497873103
1.004,2.482758158
1.006,2.286263864
1.008,2.150229354
1.01,2.089769571
1.012,2.225804082
1.014,2.256033973
1.016,2.467643212
1.018,2.603677722
1.02,2.649022559
1.022,2.497873103
1.024,2.286263864
1.026,2.316493756
1.028,2.1653443
1.03,2.1653443
1.032,2.286263864
1.034,2.331608701
1.036,2.512988049
1.038,2.558332886
1.04,2.618792668
1.042,2.618792668
1.044,2.54321794
1.046,2.376953538
1.048,2.331608701
1.05,2.286263864
1.052,2.331608701
1.054,2.30137881
1.056,2.467643212
1.058,2.54321794
1.06,2.497873103
1.062,2.437413321
1.064,2.452528266
1.066,2.271148919
1.068,2.180459245
1.07,1.92350517
1.072,2.104884517
1.074,2.180459245
1.076,2.361838593
1.078,2.467643212
1.08,2.422298375
1.082,2.392068484
1.084,2.376953538
1.086,2.1653443
1.088,2.119999463
1.09,2.089769571
1.092,1.983964952
1.094,1.983964952
1.096,2.286263864
1.098,2.437413321
1.1,2.467643212
1.102,2.316493756
1.104,2.331608701
1.106,2.074654626
1.108,2.029309789
1.11,2.074654626
1.112,2.05953968
1.114,2.119999463
1.116,2.392068484
1.118,2.392068484
1.12,2.286263864
1.122,2.225804082
1.124,2.286263864
1.126,2.05953968
1.128,2.044424735
1.13,2.014194843
1.132,1.983964952
1.134,2.180459245
1.136,2.286263864
1.138,2.286263864
1.14,2.331608701
1.142,2.346723647
1.144,2.286263864
1.146,2.074654626
1.148,1.878160333
1.15,1.908390224
1.152,2.029309789
1.154,2.014194843
1.156,2.271148919
1.158,2.271148919
1.16,2.271148919
1.162,2.225804082
1.164,2.044424735
1.166,2.029309789
1.168,2.089769571
1.17,2.240919028
1.172,2.497873103
1.174,2.679252451
1.176,3.087355982
1.178,3.40476984
1.18,3.540804351
1.182,3.827988317
1.184,4.190747012
1.186,4.432586142
1.188,4.538390761
1.19,4.493045925
1.192,4.432586142
1.194,4.341896468
1.196,4.281436686
1.198,4.009367665
1.2,3.767528535
1.202,3.389654895
1.204,2.845516852
1.206,2.30137881
1.208,1.953735061
1.21,1.772355714
1.212,1.742125822
1.214,1.908390224
1.216,1.983964952
1.218,2.180459245
1.22,2.286263864
1.222,2.271148919
1.224,2.210689136
1.226,2.256033973
1.228,2.1653443
1.23,2.135114408
1.232,2.119999463
1.234,2.225804082
1.236,2.30137881
1.238,2.467643212
1.24,2.376953538
1.242,2.361838593
1.244,2.30137881
1.246,2.271148919
1.248,2.240919028
1.25,2.119999463
1.252,1.999079898
1.254,2.225804082
1.256,2.497873103
1.258,2.407183429
1.26,2.512988049
1.262,2.482758158
1.264,2.331608701
1.266,2.195574191
1.268,2.1653443
1.27,2.1653443
1.272,2.195574191
1.274,2.422298375
1.276,2.497873103
1.278,2.54321794
1.28,2.54321794
1.282,2.512988049
1.284,2.346723647
1.286,2.225804082
1.288,2.240919028
1.29,2.210689136
1.292,2.119999463
1.294,2.392068484
1.296,2.467643212
1.298,2.558332886
1.3,2.376953538
1.302,2.482758158
1.304,2.376953538
1.306,2.225804082
1.308,2.195574191
1.31,2.256033973
1.312,2.346723647
1.314,2.528102994
1.316,2.588562777
1.318,2.664137505
1.32,2.649022559
1.322,2.497873103
1.324,2.331608701
1.326,2.316493756
1.328,2.392068484
1.33,2.392068484
1.332,2.392068484
1.334,2.694367396
1.336,2.679252451
1.338,2.724597287
1.34,2.679252451
1.342,2.694367396
1.344,2.528102994
1.346,2.467643212
1.348,2.331608701
1.35,2.331608701
1.352,2.512988049
1.354,2.769942124
1.356,2.709482342
1.358,2.800172015
1.36,2.739712233
1.362,2.800172015
1.364,2.573447831
1.366,2.528102994
1.368,2.558332886
1.37,2.573447831
1.372,2.694367396
1.374,2.92109158
1.376,2.966436417
1.378,3.011781254
1.38,2.92109158
1.382,2.951321472
1.384,2.875746744
1.386,2.739712233
1.388,2.709482342
1.39,2.830401907
1.392,2.981551363
1.394,3.193160601
1.396,3.208275547
1.398,3.283850275
1.4,3.208275547
1.402,3.117585873
1.404,3.042011145
1.406,2.966436417
1.408,2.951321472
1.41,3.087355982
1.412,3.132700819
1.414,3.26873533
1.416,3.359425003
1.418,3.359425003
1.42,3.374539949
1.422,3.283850275
1.424,3.011781254
1.426,3.011781254
1.428,2.981551363
1.43,3.011781254
1.432,3.0268962
1.434,3.193160601
1.436,3.253620384
1.438,3.223390493
1.44,3.132700819
1.442,3.042011145
1.444,2.78505707
1.446,2.754827179
1.448,2.664137505
1.45,2.664137505
1.452,2.709482342
1.454,2.875746744
1.456,2.875746744
1.458,2.830401907
1.46,2.724597287
1.462,2.649022559
1.464,2.422298375
1.466,2.361838593
1.468,2.376953538
1.47,2.376953538
1.472,2.452528266
1.474,2.603677722
1.476,2.633907614
1.478,2.588562777
1.48,2.512988049
1.482,2.467643212
1.484,2.256033973
1.486,2.180459245
1.488,2.180459245
1.49,2.195574191
1.492,2.286263864
1.494,2.452528266
1.496,2.482758158
1.498,2.467643212
1.5,2.437413321
1.502,2.331608701
1.504,2.180459245
1.506,2.119999463
1.508,2.150229354
1.51,2.150229354
1.512,2.240919028
1.514,2.361838593
1.516,2.240919028
1.518,2.346723647
1.52,2.361838593
1.522,2.361838593
1.524,2.256033973
1.526,2.089769571
1.528,2.05953968
1.53,2.150229354
1.532,2.271148919
1.534,2.346723647
1.536,2.407183429
1.538,2.452528266
1.54,2.437413321
1.542,2.316493756
1.544,2.240919028
1.546,2.225804082
1.548,2.05953968
1.55,2.135114408
1.552,2.286263864
1.554,2.437413321
1.556,2.482758158
1.558,2.54321794
1.56,2.422298375
1.562,2.089769571
1.564,1.999079898
1.566,2.104884517
1.568,2.135114408
1.57,2.150229354
1.572,2.407183429
1.574,2.512988049
1.576,2.512988049
1.578,2.512988049
1.58,2.482758158
1.582,2.316493756
1.584,2.225804082
1.586,2.1653443
1.588,2.180459245
1.59,2.195574191
1.592,2.361838593
1.594,2.54321794
1.596,2.376953538
1.598,2.407183429
1.6,2.467643212
1.602,2.30137881
1.604,2.180459245
1.606,2.150229354
1.608,2.225804082
1.61,2.180459245
1.612,2.346723647
1.614,2.452528266
1.616,2.54321794
1.618,2.512988049
1.62,2.467643212
1.622,2.30137881
1.624,2.210689136
1.626,2.195574191
1.628,2.225804082
1.63,2.331608701
1.632,2.452528266
1.634,2.135114408
1.636,2.316493756
1.638,2.558332886
1.64,2.497873103
1.642,2.271148919
1.644,2.104884517
1.646,2.135114408
1.648,2.180459245
1.65,2.150229354
1.652,2.346723647
1.654,2.437413321
1.656,2.558332886
1.658,2.497873103
1.66,2.392068484
1.662,2.256033973
1.664,2.150229354
1.666,2.104884517
1.668,2.135114408
1.67,2.1653443
1.672,2.30137881
1.674,2.482758158
1.676,2.482758158
1.678,2.467643212
1.68,2.376953538
1.682,2.135114408
1.684,2.089769571
1.686,2.074654626
1.688,2.089769571
1.69,2.119999463
1.692,2.392068484
1.694,2.422298375
1.696,2.422298375
1.698,2.392068484
1.7,2.361838593
1.702,2.119999463
1.704,2.089769571
1.706,2.104884517
1.708,2.089769571
1.71,2.210689136
1.712,2.346723647
1.714,2.407183429
1.716,2.467643212
1.718,2.437413321
1.72,2.30137881
1.722,2.089769571
1.724,2.074654626
1.726,2.104884517
1.728,2.089769571
1.73,2.1653443
1.732,2.407183429
1.734,2.376953538
1.736,2.30137881
1.738,2.346723647
1.74,2.346723647
1.742,2.1653443
1.744,2.119999463
1.746,2.074654626
1.748,2.119999463
1.75,2.104884517
1.752,2.316493756
1.754,2.376953538
1.756,2.422298375
1.758,2.30137881
1.76,2.271148919
1.762,2.180459245
1.764,2.044424735
1.766,2.104884517
1.768,2.119999463
1.77,2.180459245
1.772,2.422298375
1.774,2.376953538
1.776,2.346723647
1.778,2.331608701
1.78,2.180459245
1.782,2.029309789
1.784,2.119999463
1.786,2.104884517
1.788,1.983964952
1.79,2.1653443
1.792,2.346723647
1.794,2.407183429
1.796,2.437413321
1.798,2.452528266
1.8,2.392068484
1.802,2.210689136
1.804,2.135114408
1.806,2.044424735
1.808,2.150229354
1.81,2.256033973
1.812,2.497873103
1.814,2.573447831
1.816,2.482758158
1.818,2.437413321
1.82,2.361838593
1.822,2.210689136
1.824,2.195574191
1.826,2.150229354
1.828,2.180459245
1.83,2.54321794
1.832,2.558332886
1.834,2.407183429
1.836,2.467643212
1.838,2.452528266
1.84,2.346723647
1.842,2.225804082
1.844,2.150229354
1.846,2.225804082
1.848,2.30137881
1.85,2.452528266
1.852,2.512988049
1.854,2.633907614
1.856,2.603677722
1.858,2.528102994
1.86,2.407183429
1.862,2.361838593
1.864,2.256033973
1.866,2.225804082
1.868,2.195574191
1.87,2.361838593
1.872,2.437413321
1.874,2.467643212
1.876,2.467643212
1.878,2.422298375
1.88,2.240919028
1.882,2.119999463
1.884,2.05953968
1.886,2.05953968
1.888,2.074654626
1.89,2.240919028
1.892,2.376953538
1.894,2.392068484
1.896,2.361838593
1.898,2.346723647
1.9,2.135114408
1.902,2.05953968
1.904,2.044424735
1.906,2.104884517
1.908,2.195574191
1.91,2.195574191
1.912,2.346723647
1.914,2.256033973
1.916,2.240919028
1.918,2.271148919
1.92,2.029309789
1.922,2.014194843
1.924,1.983964952
1.926,2.104884517
1.928,2.104884517
1.93,2.286263864
1.932,2.271148919
1.934,2.361838593
1.936,2.361838593
1.938,2.331608701
1.94,2.089769571
1.942,1.983964952
1.944,2.074654626
1.946,2.135114408
1.948,1.983964952
1.95,2.119999463
1.952,2.30137881
1.954,2.437413321
1.956,2.392068484
1.958,2.30137881
1.96,2.05953968
1.962,2.014194843
1.964,1.908390224
1.966,1.983964952
1.968,1.968850007
1.97,2.180459245
1.972,2.195574191
1.974,2.195574191
1.976,2.271148919
1.978,2.331608701
1.98,2.331608701
1.982,2.286263864
1.984,2.210689136
1.986,2.618792668
1.988,2.981551363
1.99,3.314080166
1.992,3.661723916
1.994,4.084942393
1.996,4.462816033
1.998,4.689540218
2,4.553505707
2.002,4.493045925
2.004,4.417471196
2.006,4.220976903
2.008,3.903563045
2.01,3.812873372
2.012,3.571034242
2.014,3.208275547
2.016,2.739712233
2.018,2.346723647
2.02,1.908390224
2.022,1.68166604
2.024,1.651436149
2.026,1.757240768
2.028,1.938620115
2.03,2.195574191
2.032,2.30137881
2.034,2.30137881
2.036,2.452528266
2.038,2.407183429
2.04,2.210689136
2.042,2.1653443
2.044,2.119999463
2.046,2.119999463
2.048,2.210689136
2.05,2.392068484
2.052,2.422298375
2.054,2.497873103
2.056,2.331608701
2.058,2.195574191
2.06,2.195574191
2.062,2.05953968
2.064,2.135114408
2.066,2.180459245
2.068,2.240919028
2.07,2.467643212
2.072,2.528102994
2.074,2.54321794
2.076,2.392068484
2.078,2.361838593
2.08,2.286263864
2.082,2.089769571
2.084,2.089769571
2.086,2.210689136
2.088,2.240919028
2.09,2.467643212
2.092,2.603677722
2.094,2.558332886
2.096,2.528102994
2.098,2.407183429
2.1,2.225804082
2.102,2.240919028
2.104,2.240919028
2.106,2.30137881
2.108,2.376953538
2.11,2.54321794
2.112,2.633907614
2.114,2.603677722
2.116,2.54321794
2.118,2.452528266
2.12,2.286263864
2.122,2.30137881
2.124,2.30137881
2.126,2.225804082
2.128,2.346723647
2.13,2.558332886
2.132,2.664137505
2.134,2.603677722
2.136,2.482758158
2.138,2.467643212
2.14,2.407183429
2.142,2.331608701
2.144,2.361838593
2.146,2.407183429
2.148,2.633907614
2.15,2.709482342
2.152,2.754827179
2.154,2.769942124
2.156,2.679252451
2.158,2.588562777
2.16,2.512988049
2.162,2.497873103
2.164,2.512988049
2.166,2.512988049
2.168,2.649022559
2.17,2.739712233
2.172,2.845516852
2.174,2.936206526
2.176,2.875746744
2.178,2.649022559
2.18,2.512988049
2.182,2.588562777
2.184,2.603677722
2.186,2.679252451
2.188,2.890861689
2.19,3.0268962
2.192,3.117585873
2.194,3.147815765
2.196,3.087355982
2.198,2.860631798
2.2,2.769942124
2.202,2.936206526
2.204,2.981551363
2.206,3.0268962
2.208,3.132700819
2.21,3.16293071
2.212,3.178045656
2.214,3.238505438
2.216,3.329195112
2.218,3.132700819
2.22,2.981551363
2.222,3.011781254
2.224,3.057126091
2.226,3.117585873
2.228,3.283850275
2.23,3.314080166
2.232,3.238505438
2.234,3.223390493
2.236,3.26873533
2.238,3.147815765
2.24,3.042011145
2.242,2.951321472
2.244,2.890861689
2.246,2.951321472
2.248,3.087355982
2.25,3.072241037
2.252,3.102470928
2.254,3.057126091
2.256,3.0268962
2.258,2.78505707
2.26,2.709482342
2.262,2.603677722
2.264,2.558332886
2.266,2.512988049
2.268,2.724597287
2.27,2.830401907
2.272,2.830401907
2.274,2.754827179
2.276,2.588562777
2.278,2.437413321
2.28,2.407183429
2.282,2.316493756
2.284,2.316493756
2.286,2.346723647
2.288,2.482758158
2.29,2.558332886
2.292,2.588562777
2.294,2.54321794
2.296,2.437413321
2.298,2.286263864
2.3,2.271148919
2.302,2.225804082
2.304,2.150229354
2.306,2.225804082
2.308,2.467643212
2.31,2.54321794
2.312,2.54321794
2.314,2.392068484
2.316,2.331608701
2.318,2.180459245
2.32,2.150229354
2.322,2.150229354
2.324,2.225804082
2.326,2.225804082
2.328,2.361838593
2.33,2.512988049
2.332,2.54321794
2.334,2.376953538
2.336,2.30137881
2.338,2.195574191
2.34,2.150229354
2.342,2.1653443
2.344,2.1653443
2.346,2.180459245
2.348,2.392068484
2.35,2.512988049
2.352,2.649022559
2.354,2.54321794
2.356,2.316493756
2.358,1.968850007
2.36,2.150229354
2.362,2.240919028
2.364,2.271148919
2.366,2.210689136
2.368,2.376953538
2.37,2.558332886
2.372,2.573447831
2.374,2.512988049
2.376,2.512988049
2.378,2.286263864
2.38,2.135114408
2.382,2.044424735
2.384,2.1653443
2.386,2.392068484
2.388,2.54321794
2.39,2.573447831
2.392,2.633907614
2.394,2.603677722
2.396,2.512988049
2.398,2.422298375
2.4,2.089769571
2.402,2.150229354
2.404,2.210689136
2.406,2.346723647
2.408,2.467643212
2.41,2.512988049
2.412,2.512988049
2.414,2.54321794
2.416,2.422298375
2.418,2.286263864
2.42,2.210689136
2.422,2.150229354
2.424,2.074654626
2.426,2.150229354
2.428,2.528102994
2.43,2.633907614
2.432,2.512988049
2.434,2.528102994
2.436,2.346723647
2.438,2.240919028
2.44,2.210689136
2.442,2.210689136
2.444,2.271148919
2.446,2.392068484
2.448,2.452528266
2.45,2.407183429
2.452,2.512988049
2.454,2.512988049
2.456,2.361838593
2.458,2.30137881
2.46,2.256033973
2.462,2.210689136
2.464,2.104884517
2.466,2.30137881
2.468,2.437413321
2.47,2.452528266
2.472,2.437413321
2.474,2.452528266
2.476,2.346723647
2.478,2.210689136
2.48,2.150229354
2.482,2.256033973
2.484,2.225804082
2.486,2.316493756
2.488,2.467643212
2.49,2.558332886
2.492,2.346723647
2.494,2.392068484
2.496,2.331608701
2.498,2.135114408
2.5,2.074654626
2.502,2.1653443
2.504,2.210689136
2.506,2.376953538
2.508,2.467643212
2.51,2.452528266
2.512,2.361838593
2.514,2.392068484
2.516,2.271148919
2.518,2.05953968
2.52,2.05953968
2.522,2.180459245
2.524,2.1653443
2.526,2.331608701
2.528,2.346723647
2.53,2.512988049
2.532,2.482758158
2.534,2.407183429
2.536,2.240919028
2.538,2.180459245
2.54,2.1653443
2.542,2.104884517
2.544,2.150229354
2.546,2.331608701
2.548,2.407183429
2.55,2.512988049
2.552,2.573447831
2.554,2.497873103
2.556,2.286263864
2.558,2.256033973
2.56,2.180459245
2.562,2.119999463
2.564,2.195574191
2.566,2.422298375
2.568,2.512988049
2.57,2.54321794
2.572,2.724597287
2.574,2.392068484
2.576,2.316493756
2.578,2.225804082
2.58,2.210689136
2.582,2.135114408
2.584,2.210689136
2.586,2.467643212
2.588,2.664137505
2.59,2.709482342
2.592,2.618792668
2.594,2.633907614
2.596,2.422298375
2.598,2.30137881
2.6,2.240919028
2.602,2.407183429
2.604,2.407183429
2.606,2.603677722
2.608,2.618792668
2.61,2.664137505
2.612,2.603677722
2.614,2.497873103
2.616,2.331608701
2.618,2.240919028
2.62,2.1653443
2.622,2.1653443
2.624,2.256033973
2.626,2.528102994
2.628,2.497873103
2.63,2.407183429
2.632,2.331608701
2.634,2.392068484
2.636,2.180459245
2.638,2.044424735
2.64,2.119999463
2.642,2.150229354
2.644,2.1653443
2.646,2.361838593
2.648,2.392068484
2.65,2.467643212
2.652,2.422298375
2.654,2.346723647
2.656,2.150229354
2.658,2.05953968
2.66,2.05953968
2.662,2.150229354
2.664,2.119999463
2.666,2.316493756
2.668,2.392068484
2.67,2.361838593
2.672,2.331608701
2.674,2.346723647
2.676,2.135114408
2.678,2.104884517
2.68,2.180459245
2.682,2.05953968
2.684,2.210689136
2.686,2.407183429
2.688,2.512988049
2.69,2.482758158
2.692,2.240919028
2.694,2.150229354
2.696,1.938620115
2.698,1.908390224
2.7,1.908390224
2.702,2.089769571
2.704,2.210689136
2.706,2.437413321
2.708,2.482758158
2.71,2.452528266
2.712,2.346723647
2.714,2.180459245
2.716,2.05953968
2.718,2.044424735
2.72,1.983964952
2.722,1.999079898
2.724,2.1653443
2.726,2.210689136
2.728,2.271148919
2.73,2.331608701
2.732,2.437413321
2.734,2.558332886
2.736,2.618792668
2.738,2.618792668
2.74,2.92109158
2.742,3.117585873
2.744,3.40476984
2.746,3.964022828
2.748,4.417471196
2.75,4.568620653
2.752,4.447701088
2.754,4.236091849
2.756,3.858218209
2.758,3.676838861
2.76,3.465229623
2.762,3.389654895
2.764,3.329195112
2.766,3.0268962
2.768,2.603677722
2.77,2.225804082
2.772,2.014194843
2.774,1.81770055
2.776,1.772355714
2.778,1.727010877
2.78,1.81770055
2.782,1.953735061
2.784,2.225804082
2.786,2.361838593
2.788,2.512988049
2.79,2.407183429
2.792,2.30137881
2.794,2.195574191
2.796,2.195574191
2.798,2.074654626
2.8,2.150229354
2.802,2.225804082
2.804,2.331608701
2.806,2.497873103
2.808,2.422298375
2.81,2.452528266
2.812,2.452528266
2.814,2.271148919
2.816,2.180459245
2.818,2.240919028
2.82,2.210689136
2.822,1.968850007
2.824,2.286263864
2.826,2.528102994
2.828,2.452528266
2.83,2.558332886
2.832,2.603677722
2.834,2.452528266
2.836,2.135114408
2.838,2.210689136
2.84,2.331608701
2.842,2.361838593
2.844,2.437413321
2.846,2.497873103
2.848,2.528102994
2.85,2.512988049
2.852,2.573447831
2.854,2.376953538
2.856,2.316493756
2.858,2.195574191
2.86,2.210689136
2.862,2.286263864
2.864,2.54321794
2.866,2.588562777
2.868,2.497873103
2.87,2.54321794
2.872,2.664137505
2.874,2.392068484
2.876,2.392068484
2.878,2.346723647
2.88,2.392068484
2.882,2.452528266
2.884,2.588562777
2.886,2.316493756
2.888,2.497873103
2.89,2.649022559
2.892,2.54321794
2.894,2.467643212
2.896,2.346723647
2.898,2.346723647
2.9,2.497873103
2.902,2.422298375
2.904,2.664137505
2.906,2.724597287
2.908,2.830401907
2.91,2.800172015
2.912,2.769942124
2.914,2.603677722
2.916,2.528102994
2.918,2.482758158
2.92,2.497873103
2.922,2.467643212
2.924,2.709482342
2.926,2.754827179
2.928,2.800172015
2.93,2.860631798
2.932,2.860631798
2.934,2.724597287
2.936,2.649022559
2.938,2.467643212
2.94,2.724597287
2.942,2.860631798
2.944,2.92109158
2.946,2.996666308
2.948,2.996666308
2.95,2.996666308
2.952,3.057126091
2.954,3.0268962
2.956,3.0268962
2.958,2.588562777
2.96,2.739712233
2.962,3.0268962
2.964,3.193160601
2.966,3.238505438
2.968,3.26873533
2.97,3.117585873
2.972,3.16293071
2.974,3.102470928
2.976,2.981551363
2.978,3.011781254
2.98,2.966436417
2.982,2.996666308
2.984,3.178045656
2.986,3.178045656
2.988,3.253620384
2.99,3.223390493
2.992,2.966436417
2.994,2.966436417
2.996,2.845516852
2.998,2.905976635
3,2.92109158
3.002,2.845516852
3.004,3.057126091
3.006,2.78505707
3.008,2.875746744
3.01,2.845516852
3.012,2.754827179
3.014,2.528102994
3.016,2.528102994
3.018,2.558332886
3.02,2.588562777
3.022,2.573447831
3.024,2.588562777
3.026,2.800172015
3.028,2.739712233
3.03,2.724597287
3.032,2.512988049
3.034,2.346723647
3.036,2.331608701
3.038,2.286263864
3.04,2.286263864
3.042,2.437413321
3.044,2.603677722
3.046,2.649022559
3.048,2.482758158
3.05,2.452528266
3.052,2.225804082
3.054,2.271148919
3.056,2.104884517
3.058,2.210689136
3.06,2.150229354
3.062,2.331608701
3.064,2.392068484
3.066,2.437413321
3.068,2.452528266
3.07,2.512988049
3.072,2.256033973
3.074,2.029309789
3.076,2.1653443
3.078,2.119999463
3.08,2.074654626
3.082,2.210689136
3.084,2.452528266
3.086,2.512988049
3.088,2.512988049
3.09,2.482758158
3.092,2.346723647
3.094,2.210689136
3.096,2.150229354
3.098,2.180459245
3.1,2.1653443
3.102,2.392068484
3.104,2.528102994
3.106,2.573447831
3.108,2.467643212
3.11,2.392068484
3.112,2.180459245
3.114,2.1653443
3.116,2.210689136
3.118,1.938620115
3.12,2.104884517
3.122,2.452528266
3.124,2.528102994
3.126,2.528102994
3.128,2.512988049
3.13,2.422298375
3.132,2.271148919
3.134,2.210689136
3.136,2.286263864
3.138,2.044424735
3.14,2.135114408
3.142,2.437413321
3.144,2.331608701
3.146,2.497873103
3.148,2.528102994
3.15,2.452528266
3.152,2.286263864
3.154,2.210689136
3.156,2.150229354
3.158,2.286263864
3.16,2.256033973
3.162,2.392068484
3.164,2.452528266
3.166,2.512988049
3.168,2.467643212
3.17,2.512988049
3.172,2.376953538
3.174,2.225804082
3.176,2.135114408
3.178,2.195574191
3.18,2.074654626
3.182,2.256033973
3.184,2.482758158
3.186,2.528102994
3.188,2.512988049
3.19,2.467643212
3.192,2.271148919
3.194,2.256033973
3.196,2.210689136
3.198,2.195574191
3.2,2.256033973
3.202,2.437413321
3.204,2.618792668
3.206,2.54321794
3.208,2.286263864
3.21,2.331608701
3.212,2.1653443
3.214,2.150229354
3.216,2.104884517
3.218,2.135114408
3.22,2.180459245
3.222,2.512988049
3.224,2.512988049
3.226,2.512988049
3.228,2.376953538
3.23,2.437413321
3.232,2.180459245
3.234,2.044424735
3.236,2.05953968
3.238,2.029309789
3.24,2.05953968
3.242,2.452528266
3.244,2.467643212
3.246,2.558332886
3.248,2.528102994
3.25,2.407183429
3.252,2.05953968
3.254,2.119999463
3.256,2.210689136
3.258,2.150229354
3.26,2.225804082
3.262,2.331608701
3.264,2.452528266
3.266,2.573447831
3.268,2.528102994
3.27,2.497873103
3.272,2.210689136
3.274,2.05953968
3.276,2.074654626
3.278,2.195574191
3.28,2.150229354
3.282,2.376953538
3.284,2.54321794
3.286,2.558332886
3.288,2.422298375
3.29,2.452528266
3.292,2.256033973
3.294,2.240919028
3.296,2.225804082
3.298,2.256033973
3.3,2.286263864
3.302,2.54321794
3.304,2.422298375
3.306,2.437413321
3.308,2.54321794
3.31,2.573447831
3.312,2.437413321
3.314,2.376953538
3.316,2.361838593
3.318,2.346723647
3.32,2.467643212
3.322,2.603677722
3.324,2.709482342
3.326,2.588562777
3.328,2.588562777
3.33,2.497873103
3.332,2.30137881
3.334,2.256033973
3.336,2.210689136
3.338,2.210689136
3.34,2.376953538
3.342,2.467643212
3.344,2.528102994
3.346,2.512988049
3.348,2.180459245
3.35,2.044424735
3.352,2.210689136
3.354,2.135114408
3.356,2.014194843
3.358,2.044424735
3.36,2.180459245
3.362,2.497873103
3.364,2.422298375
3.366,2.392068484
3.368,2.392068484
3.37,2.150229354
3.372,2.029309789
3.374,2.029309789
3.376,1.938620115
3.378,2.104884517
3.38,2.256033973
3.382,2.422298375
3.384,2.437413321
3.386,2.437413321
3.388,2.422298375
3.39,2.316493756
3.392,2.05953968
3.394,1.802585605
3.396,2.029309789
3.398,2.150229354
3.4,2.240919028
3.402,2.286263864
3.404,2.316493756
3.406,2.331608701
3.408,2.392068484
3.41,2.135114408
3.412,2.044424735
3.414,2.05953968
3.416,2.089769571
3.418,2.05953968
3.42,2.316493756
3.422,2.240919028
3.424,2.407183429
3.426,2.376953538
3.428,2.104884517
3.43,2.119999463
3.432,2.044424735
3.434,2.029309789
3.436,2.029309789
3.438,2.029309789
3.44,2.1653443
3.442,2.316493756
3.444,2.271148919
3.446,2.135114408
3.448,2.210689136
3.45,2.089769571
3.452,2.256033973
3.454,2.392068484
3.456,2.573447831
3.458,2.709482342
3.46,3.102470928
3.462,3.374539949
3.464,3.64660897
3.466,3.827988317
3.468,4.069827447
3.47,3.873333154
3.472,3.843103263
3.474,3.722183698
3.476,3.601264133
3.478,3.540804351
3.48,3.510574459
3.482,3.208275547
3.484,3.117585873
3.486,2.739712233
3.488,2.407183429
3.49,1.953735061
3.492,1.802585605
3.494,1.666551094
3.496,1.666551094
3.498,1.772355714
3.5,2.05953968
3.502,2.271148919
3.504,2.376953538
3.506,2.30137881
3.508,2.392068484
3.51,2.150229354
3.512,2.1653443
3.514,2.180459245
3.516,2.225804082
3.518,2.195574191
3.52,2.30137881
3.522,2.392068484
3.524,2.407183429
3.526,2.376953538
3.528,2.467643212
3.53,2.376953538
3.532,2.044424735
3.534,2.014194843
3.536,2.074654626
3.538,2.256033973
3.54,2.422298375
3.542,2.528102994
3.544,2.437413321
3.546,2.376953538
3.548,2.437413321
3.55,2.240919028
3.552,2.1653443
3.554,2.150229354
3.556,2.150229354
3.558,2.195574191
3.56,2.558332886
3.562,2.603677722
3.564,2.618792668
3.566,2.452528266
3.568,2.467643212
3.57,2.180459245
3.572,2.271148919
3.574,2.225804082
3.576,2.30137881
3.578,2.240919028
3.58,2.467643212
3.582,2.588562777
3.584,2.633907614
3.586,2.512988049
3.588,2.376953538
3.59,2.195574191
3.592,2.240919028
3.594,2.195574191
3.596,2.346723647
3.598,2.376953538
3.6,2.573447831
3.602,2.664137505
3.604,2.558332886
3.606,2.573447831
3.608,2.528102994
3.61,2.271148919
3.612,2.225804082
3.614,2.376953538
3.616,2.422298375
3.618,2.422298375
3.62,2.54321794
3.622,2.769942124
3.624,2.815286961
3.626,2.694367396
3.628,2.54321794
3.63,2.467643212
3.632,2.437413321
3.634,2.467643212
3.636,2.497873103
3.638,2.618792668
3.64,2.78505707
3.642,2.739712233
3.644,2.78505707
3.646,2.890861689
3.648,2.709482342
3.65,2.482758158
3.652,2.558332886
3.654,2.467643212
3.656,2.633907614
3.658,2.800172015
3.66,2.966436417
3.662,3.011781254
3.664,3.057126091
3.666,2.996666308
3.668,2.936206526
3.67,2.830401907
3.672,2.800172015
3.674,2.724597287
3.676,2.890861689
3.678,3.117585873
3.68,3.223390493
3.682,3.178045656
3.684,3.16293071
3.686,3.147815765
3.688,2.92109158
3.69,2.936206526
3.692,2.996666308
3.694,2.981551363
3.696,2.905976635
3.698,3.117585873
3.7,3.16293071
3.702,3.117585873
3.704,3.042011145
3.706,3.132700819
3.708,3.042011145
3.71,2.936206526
3.712,2.845516852
3.714,2.830401907
3.716,2.860631798
3.718,2.951321472
3.72,2.951321472
3.722,2.92109158
3.724,2.905976635
3.726,2.905976635
3.728,2.78505707
3.73,2.588562777
3.732,2.497873103
3.734,2.422298375
3.736,2.497873103
3.738,2.724597287
3.74,2.769942124
3.742,2.78505707
3.744,2.709482342
3.746,2.664137505
3.748,2.422298375
3.75,2.30137881
3.752,2.316493756
3.754,2.256033973
3.756,2.30137881
3.758,2.30137881
3.76,2.452528266
3.762,2.376953538
3.764,2.452528266
3.766,2.528102994
3.768,2.240919028
3.77,2.150229354
3.772,1.999079898
3.774,2.135114408
3.776,2.150229354
3.778,2.361838593
3.78,2.467643212
3.782,2.437413321
3.784,2.422298375
3.786,2.437413321
3.788,2.256033973
3.79,2.104884517
3.792,2.014194843
3.794,2.014194843
3.796,2.104884517
3.798,2.392068484
3.8,2.392068484
3.802,2.286263864
3.804,2.422298375
3.806,2.497873103
3.808,2.1653443
3.81,2.135114408
3.812,2.180459245
3.814,2.210689136
3.816,2.180459245
3.818,2.210689136
3.82,2.437413321
3.822,2.361838593
3.824,2.407183429
3.826,2.286263864
3.828,2.150229354
3.83,2.1653443
3.832,2.104884517
3.834,2.119999463
3.836,2.240919028
3.838,2.240919028
3.84,2.331608701
3.842,2.528102994
3.844,2.482758158
3.846,2.482758158
3.848,2.119999463
3.85,2.089769571
3.852,2.150229354
3.854,2.089769571
3.856,2.135114408
3.858,2.497873103
3.86,2.467643212
3.862,2.331608701
3.864,2.467643212
3.866,2.467643212
3.868,2.180459245
3.87,2.150229354
3.872,2.180459245
3.874,2.135114408
3.876,2.240919028
3.878,2.512988049
3.88,2.361838593
3.882,2.512988049
3.884,2.558332886
3.886,2.452528266
3.888,2.05953968
3.89,2.044424735
3.892,2.180459245
3.894,2.1653443
3.896,2.1653443
3.898,2.467643212
3.9,2.528102994
3.902,2.512988049
3.904,2.361838593
3.906,2.225804082
3.908,2.210689136
3.91,2.150229354
3.912,2.135114408
3.914,2.074654626
3.916,2.195574191
3.918,2.361838593
3.92,2.452528266
3.922,2.361838593
3.924,2.286263864
3.926,2.225804082
3.928,2.119999463
3.93,2.119999463
3.932,2.135114408
3.934,2.225804082
3.936,2.30137881
3.938,2.422298375
3.94,2.467643212
3.942,2.422298375
3.944,2.452528266
3.946,2.316493756
3.948,2.150229354
3.95,2.119999463
3.952,2.119999463
3.954,2.104884517
3.956,2.089769571
3.958,2.331608701
3.96,2.437413321
3.962,2.497873103
3.964,2.407183429
3.966,2.195574191
3.968,2.074654626
3.97,2.05953968
3.972,2.044424735
3.974,2.119999463
3.976,2.271148919
3.978,2.361838593
3.98,2.497873103
3.982,2.422298375
3.984,2.497873103
3.986,2.256033973
3.988,1.968850007
3.99,2.074654626
3.992,2.104884517
3.994,2.256033973
3.996,2.422298375
3.998,2.528102994
4,2.482758158
4.002,2.407183429
4.004,2.482758158
4.006,2.361838593
4.008,2.210689136
4.01,2.180459245
4.012,2.180459245
4.014,2.271148919
4.016,2.346723647
4.018,2.497873103
4.02,2.633907614
4.022,2.603677722
4.024,2.694367396
4.026,2.316493756
4.028,2.014194843
4.03,2.195574191
4.032,2.256033973
4.034,2.286263864
4.036,2.376953538
4.038,2.558332886
4.04,2.573447831
4.042,2.437413321
4.044,2.210689136
4.046,2.135114408
4.048,2.1653443
4.05,2.135114408
4.052,2.044424735
4.054,2.074654626
4.056,2.316493756
4.058,2.376953538
4.06,2.376953538
4.062,2.316493756
4.064,2.30137881
4.066,2.1653443
4.068,2.135114408
4.07,2.044424735
4.072,2.05953968
4.074,2.135114408
4.076,2.361838593
4.078,2.331608701
4.08,2.361838593
4.082,2.346723647
4.084,2.30137881
4.086,2.119999463
4.088,2.074654626
4.09,2.029309789
4.092,2.014194843
4.094,1.968850007
4.096,2.286263864
4.098,2.089769571
4.1,2.316493756
4.102,2.331608701
4.104,2.195574191
4.106,1.953735061
4.108,1.983964952
4.11,2.05953968
4.112,2.014194843
4.114,2.074654626
4.116,2.225804082
4.118,2.225804082
4.12,2.346723647
4.122,2.30137881
4.124,2.271148919
4.126,2.074654626
4.128,1.983964952
4.13,1.938620115
4.132,2.014194843
4.134,2.044424735
4.136,2.195574191
4.138,2.210689136
4.14,2.30137881
4.142,2.331608701
4.144,2.150229354
4.146,1.999079898
4.148,1.968850007
4.15,1.908390224
4.152,1.81770055
4.154,1.938620115
4.156,2.104884517
4.158,2.271148919
4.16,2.467643212
4.162,2.558332886
4.164,2.709482342
4.166,2.588562777
4.168,2.694367396
4.17,2.92109158
4.172,3.057126091
4.174,3.314080166
4.176,4.02448261
4.178,4.387241305
4.18,4.493045925
4.182,4.417471196
4.184,4.311666577
4.186,3.903563045
4.188,3.661723916
4.19,3.419884786
4.192,3.147815765
4.194,2.951321472
4.196,2.664137505
4.198,2.528102994
4.2,2.119999463
4.202,1.968850007
4.204,1.968850007
4.206,1.832815496
4.208,1.787470659
4.21,1.832815496
4.212,1.953735061
4.214,2.05953968
4.216,2.316493756
4.218,2.392068484
4.22,2.482758158
4.222,2.407183429
4.224,2.180459245
4.226,2.089769571
4.228,2.044424735
4.23,2.104884517
4.232,2.074654626
4.234,2.135114408
4.236,2.210689136
4.238,2.30137881
4.24,2.467643212
4.242,2.467643212
4.244,2.346723647
4.246,2.074654626
4.248,2.029309789
4.25,2.089769571
4.252,2.044424735
4.254,2.225804082
4.256,2.346723647
4.258,2.346723647
4.26,2.437413321
4.262,2.452528266
4.264,2.346723647
4.266,2.195574191
4.268,2.089769571
4.27,2.119999463
4.272,2.1653443
4.274,2.346723647
4.276,2.482758158
4.278,2.452528266
4.28,2.422298375
4.282,2.407183429
4.284,2.331608701
4.286,2.256033973
4.288,2.1653443
4.29,2.119999463
4.292,2.119999463
4.294,2.30137881
4.296,2.392068484
4.298,2.497873103
4.3,2.452528266
4.302,2.512988049
4.304,2.407183429
4.306,2.346723647
4.308,2.240919028
4.31,2.195574191
4.312,2.225804082
4.314,2.497873103
4.316,2.528102994
4.318,2.512988049
4.32,2.528102994
4.322,2.392068484
4.324,2.271148919
4.326,2.30137881
4.328,2.286263864
4.33,2.346723647
4.332,2.331608701
4.334,2.437413321
4.336,2.633907614
4.338,2.664137505
4.34,2.679252451
4.342,2.633907614
4.344,2.482758158
4.346,2.422298375
4.348,2.392068484
4.35,2.331608701
4.352,2.331608701
4.354,2.664137505
4.356,2.78505707
4.358,2.800172015
4.36,2.739712233
4.362,2.78505707
4.364,2.618792668
4.366,2.558332886
4.368,2.558332886
4.37,2.558332886
4.372,2.709482342
4.374,2.890861689
4.376,3.072241037
4.378,2.875746744
4.38,2.981551363
4.382,3.042011145
4.384,2.845516852
4.386,2.754827179
4.388,2.769942124
4.39,2.739712233
4.392,2.845516852
4.394,3.042011145
4.396,3.147815765
4.398,3.223390493
4.4,3.117585873
4.402,3.087355982
4.404,2.966436417
4.406,2.890861689
4.408,2.875746744
4.41,2.830401907
4.412,2.815286961
4.414,2.966436417
4.416,3.0268962
4.418,3.042011145
4.42,3.102470928
4.422,2.996666308
4.424,2.845516852
4.426,2.664137505
4.428,2.679252451
4.43,2.633907614
4.432,2.694367396
4.434,2.905976635
4.436,2.890861689
4.438,2.845516852
4.44,2.724597287
4.442,2.754827179
4.444,2.437413321
4.446,2.316493756
4.448,2.271148919
4.45,2.422298375
4.452,2.195574191
4.454,2.452528266
4.456,2.618792668
4.458,2.633907614
4.46,2.558332886
4.462,2.361838593
4.464,2.195574191
4.466,2.135114408
4.468,2.119999463
4.47,2.256033973
4.472,2.240919028
4.474,2.376953538
4.476,2.346723647
4.478,2.407183429
4.48,2.240919028
4.482,2.30137881
4.484,2.150229354
4.486,2.089769571
4.488,2.074654626
4.49,2.089769571
4.492,2.029309789
4.494,2.30137881
4.496,2.422298375
4.498,2.422298375
4.5,2.316493756
4.502,2.286263864
4.504,2.119999463
4.506,2.089769571
4.508,2.119999463
4.51,2.014194843
4.512,2.104884517
4.514,2.331608701
4.516,2.452528266
4.518,2.316493756
4.52,2.331608701
4.522,2.240919028
4.524,2.135114408
4.526,2.05953968
4.528,1.953735061
4.53,1.938620115
4.532,2.150229354
4.534,2.346723647
4.536,2.392068484
4.538,2.286263864
4.54,2.195574191
4.542,2.225804082
4.544,2.119999463
4.546,2.044424735
4.548,2.089769571
4.55,2.180459245
4.552,2.195574191
4.554,2.210689136
4.556,2.316493756
4.558,2.392068484
4.56,2.407183429
4.562,2.346723647
4.564,2.089769571
4.566,2.044424735
4.568,1.983964952
4.57,2.119999463
4.572,2.286263864
4.574,2.452528266
4.576,2.437413321
4.578,2.361838593
4.58,2.361838593
4.582,2.30137881
4.584,2.210689136
4.586,2.195574191
4.588,2.180459245
4.59,2.1653443
4.592,2.119999463
4.594,2.392068484
4.596,2.482758158
4.598,2.376953538
4.6,2.422298375
4.602,2.286263864
4.604,2.119999463
4.606,2.074654626
4.608,2.150229354
4.61,2.1653443
4.612,2.316493756
4.614,2.331608701
4.616,2.316493756
4.618,2.376953538
4.62,2.376953538
4.622,2.225804082
4.624,2.119999463
4.626,2.119999463
4.628,2.074654626
4.63,2.044424735
4.632,2.316493756
4.634,2.256033973
4.636,2.256033973
4.638,2.422298375
4.64,2.422298375
4.642,2.119999463
4.644,2.104884517
4.646,2.150229354
4.648,2.180459245
4.65,2.225804082
4.652,2.331608701
4.654,2.467643212
4.656,2.437413321
4.658,2.286263864
4.66,2.331608701
4.662,2.135114408
4.664,2.135114408
4.666,2.044424735
4.668,2.104884517
4.67,1.92350517
4.672,2.074654626
4.674,2.256033973
4.676,2.346723647
4.678,2.407183429
4.68,2.361838593
4.682,2.150229354
4.684,2.150229354
4.686,2.150229354
4.688,2.104884517
4.69,2.029309789
4.692,2.271148919
4.694,2.452528266
4.696,2.271148919
4.698,2.271148919
4.7,2.30137881
4.702,2.044424735
4.704,1.968850007
4.706,1.968850007
4.708,2.074654626
4.71,2.180459245
4.712,2.346723647
4.714,2.528102994
4.716,2.54321794
4.718,2.452528266
4.72,2.422298375
4.722,2.225804082
4.724,2.180459245
4.726,2.1653443
4.728,2.240919028
4.73,2.180459245
4.732,2.331608701
4.734,2.422298375
4.736,2.407183429
4.738,2.361838593
4.74,2.407183429
4.742,2.180459245
4.744,2.014194843
4.746,1.968850007
4.748,2.180459245
4.75,2.30137881
4.752,2.528102994
4.754,2.633907614
4.756,2.588562777
4.758,2.467643212
4.76,2.331608701
4.762,2.150229354
4.764,2.271148919
4.766,2.271148919
4.768,2.210689136
4.77,2.30137881
4.772,2.54321794
4.774,2.618792668
4.776,2.528102994
4.778,2.361838593
4.78,2.286263864
4.782,2.089769571
4.784,2.044424735
4.786,2.089769571
4.788,2.104884517
4.79,2.195574191
4.792,2.361838593
4.794,2.376953538
4.796,2.407183429
4.798,2.392068484
4.8,2.316493756
4.802,2.135114408
4.804,1.968850007
4.806,1.983964952
4.808,2.074654626
4.81,2.05953968
4.812,2.1653443
4.814,2.256033973
4.816,2.407183429
4.818,2.376953538
4.82,2.256033973
4.822,2.044424735
4.824,2.074654626
4.826,1.999079898
4.828,1.878160333
4.83,1.968850007
4.832,2.180459245
4.834,2.316493756
4.836,2.256033973
4.838,2.271148919
4.84,2.225804082
4.842,1.953735061
4.844,1.908390224
4.846,1.968850007
4.848,2.089769571
4.85,2.150229354
4.852,2.346723647
4.854,2.271148919
4.856,2.331608701
4.858,2.195574191
4.86,2.180459245
4.862,2.044424735
4.864,2.05953968
4.866,1.953735061
4.868,1.983964952
4.87,2.029309789
4.872,2.256033973
4.874,2.316493756
4.876,2.180459245
4.878,2.210689136
4.88,2.014194843
4.882,1.893275278
4.884,1.908390224
4.886,1.938620115
4.888,1.81770055
4.89,1.92350517
4.892,2.210689136
4.894,2.316493756
4.896,2.437413321
4.898,2.588562777
4.9,2.573447831
4.902,2.694367396
4.904,2.860631798
4.906,3.087355982
4.908,3.208275547
4.91,3.465229623
4.912,4.115172284
4.914,4.583735598
4.916,4.568620653
4.918,4.493045925
4.92,4.175632067
4.922,3.948907882
4.924,3.737298644
4.926,3.465229623
4.928,3.223390493
4.93,3.057126091
4.932,2.845516852
4.934,2.558332886
4.936,2.195574191
4.938,2.014194843
4.94,1.893275278
4.942,1.878160333
4.944,1.908390224
4.946,2.029309789
4.948,2.135114408
4.95,2.225804082
4.952,2.392068484
4.954,2.346723647
4.956,2.422298375
4.958,2.452528266
4.96,2.210689136
4.962,2.150229354
4.964,2.029309789
4.966,1.983964952
4.968,2.089769571
4.97,2.286263864
4.972,2.331608701
4.974,2.376953538
4.976,2.392068484
4.978,2.422298375
4.98,2.225804082
4.982,2.150229354
4.984,2.1653443
4.986,2.150229354
4.988,2.286263864
4.99,2.376953538
4.992,2.361838593
4.994,2.437413321
4.996,2.467643212
4.998,2.392068484
5,2.271148919
5.002,2.150229354
5.004,2.135114408
5.006,2.195574191
5.008,2.271148919
5.01,2.392068484
5.012,2.54321794
5.014,2.528102994
5.016,2.452528266
5.018,2.512988049
5.02,2.376953538
5.022,2.346723647
5.024,2.210689136
5.026,2.135114408
5.028,2.256033973
5.03,2.437413321
5.032,2.558332886
5.034,2.407183429
5.036,2.437413321
5.038,2.467643212
5.04,2.30137881
5.042,2.286263864
5.044,2.271148919
5.046,2.346723647
5.048,2.346723647
5.05,2.497873103
5.052,2.558332886
5.054,2.679252451
5.056,2.649022559
5.058,2.633907614
5.06,2.376953538
5.062,2.361838593
5.064,2.316493756
5.066,2.407183429
5.068,2.588562777
5.07,2.467643212
5.072,2.679252451
5.074,2.633907614
5.076,2.603677722
5.078,2.603677722
5.08,2.452528266
5.082,2.452528266
5.084,2.467643212
5.086,2.588562777
5.088,2.679252451
5.09,2.860631798
5.092,2.890861689
5.094,2.890861689
5.096,2.890861689
5.098,2.845516852
5.1,2.603677722
5.102,2.573447831
5.104,2.573447831
5.106,2.679252451
5.108,2.875746744
5.11,3.011781254
5.112,3.087355982
5.114,3.102470928
5.116,3.087355982
5.118,3.0268962
5.12,3.0268962
5.122,2.890861689
5.124,2.769942124
5.126,2.754827179
5.128,3.117585873
5.13,3.26873533
5.132,3.298965221
5.134,3.314080166
5.136,3.26873533
5.138,3.178045656
5.14,3.011781254
5.142,2.860631798
5.144,2.92109158
5.146,2.996666308
5.148,3.057126091
5.15,3.16293071
5.152,3.283850275
5.154,3.253620384
5.156,3.253620384
5.158,3.057126091
5.16,2.936206526
5.162,2.845516852
5.164,2.815286961
5.166,2.815286961
5.168,2.830401907
5.17,2.860631798
5.172,2.966436417
5.174,2.92109158
5.176,2.815286961
5.178,2.618792668
5.18,2.528102994
5.182,2.603677722
5.184,2.452528266
5.186,2.210689136
5.188,2.588562777
5.19,2.724597287
5.192,2.78505707
5.194,2.694367396
5.196,2.679252451
5.198,2.54321794
5.2,2.422298375
5.202,2.240919028
5.204,2.240919028
5.206,2.240919028
5.208,2.452528266
5.21,2.573447831
5.212,2.497873103
5.214,2.467643212
5.216,2.482758158
5.218,2.346723647
5.22,2.210689136
5.222,2.1653443
5.224,2.240919028
5.226,2.210689136
5.228,2.482758158
5.23,2.482758158
5.232,2.573447831
5.234,2.497873103
5.236,2.346723647
5.238,2.316493756
5.24,2.150229354
5.242,2.135114408
5.244,2.195574191
5.246,2.195574191
5.248,2.422298375
5.25,2.482758158
5.252,2.512988049
5.254,2.588562777
5.256,2.588562777
5.258,2.1653443
5.26,2.135114408
5.262,2.225804082
5.264,2.240919028
5.266,2.225804082
5.268,2.346723647
5.27,2.422298375
5.272,2.512988049
5.274,2.528102994
5.276,2.452528266
5.278,2.331608701
5.28,2.286263864
5.282,2.225804082
5.284,2.286263864
5.286,2.331608701
5.288,2.512988049
5.29,2.482758158
5.292,2.558332886
5.294,2.528102994
5.296,2.512988049
5.298,2.346723647
5.3,2.271148919
5.302,2.180459245
5.304,2.225804082
5.306,2.256033973
5.308,2.437413321
5.31,2.497873103
5.312,2.573447831
5.314,2.573447831
5.316,2.558332886
5.318,2.240919028
5.32,2.210689136
5.322,2.256033973
5.324,2.286263864
5.326,2.331608701
5.328,2.573447831
5.33,2.618792668
5.332,2.664137505
5.334,2.54321794
5.336,2.54321794
5.338,2.452528266
5.34,2.210689136
5.342,2.1653443
5.344,2.256033973
5.346,2.286263864
5.348,2.54321794
5.35,2.603677722
5.352,2.573447831
5.354,2.467643212
5.356,2.528102994
5.358,2.240919028
5.36,2.225804082
5.362,2.256033973
5.364,2.392068484
5.366,2.316493756
5.368,2.588562777
5.37,2.618792668
5.372,2.588562777
5.374,2.54321794
5.376,2.528102994
5.378,2.407183429
5.38,2.361838593
5.382,2.210689136
5.384,2.104884517
5.386,2.271148919
5.388,2.54321794
5.39,2.618792668
5.392,2.437413321
5.394,2.452528266
5.396,2.437413321
5.398,2.331608701
5.4,2.30137881
5.402,2.180459245
5.404,2.316493756
5.406,2.437413321
5.408,2.512988049
5.41,2.452528266
5.412,2.392068484
5.414,2.482758158
5.416,2.482758158
5.418,2.271148919
5.42,2.210689136
5.422,2.195574191
5.424,2.240919028
5.426,2.361838593
5.428,2.54321794
5.43,2.588562777
5.432,2.618792668
5.434,2.528102994
5.436,2.407183429
5.438,2.240919028
5.44,2.30137881
5.442,2.135114408
5.444,2.256033973
5.446,2.422298375
5.448,2.618792668
5.45,2.618792668
5.452,2.528102994
5.454,2.452528266
5.456,2.422298375
5.458,2.30137881
5.46,2.256033973
5.462,2.271148919
5.464,2.089769571
5.466,2.361838593
5.468,2.437413321
5.47,2.497873103
5.472,2.603677722
5.474,2.467643212
5.476,2.392068484
5.478,2.346723647
5.48,2.30137881
5.482,2.210689136
5.484,2.316493756
5.486,2.452528266
5.488,2.497873103
5.49,2.54321794
5.492,2.467643212
5.494,2.422298375
5.496,2.30137881
5.498,2.240919028
5.5,2.316493756
5.502,2.240919028
5.504,2.271148919
5.506,2.467643212
5.508,2.467643212
5.51,2.497873103
5.512,2.649022559
5.514,2.512988049
5.516,2.392068484
5.518,2.361838593
5.52,2.316493756
5.522,2.376953538
5.524,2.346723647
5.526,2.573447831
5.528,2.649022559
5.53,2.664137505
5.532,2.573447831
5.534,2.603677722
5.536,2.437413321
5.538,2.286263864
5.54,2.225804082
5.542,2.210689136
5.544,2.346723647
5.546,2.694367396
5.548,2.769942124
5.55,2.754827179
5.552,2.769942124
5.554,2.78505707
5.556,2.633907614
5.558,2.497873103
5.56,2.286263864
5.562,2.271148919
5.564,2.467643212
5.566,2.558332886
5.568,2.724597287
5.57,2.769942124
5.572,2.679252451
5.574,2.649022559
5.576,2.407183429
5.578,2.225804082
5.58,2.286263864
5.582,2.407183429
5.584,2.422298375
5.586,2.497873103
5.588,2.512988049
5.59,2.588562777
5.592,2.603677722
5.594,2.497873103
5.596,2.271148919
5.598,2.195574191
5.6,2.210689136
5.602,2.271148919
5.604,2.30137881
5.606,2.482758158
5.608,2.558332886
5.61,2.558332886
5.612,2.286263864
5.614,2.271148919
5.616,2.346723647
5.618,2.316493756
5.62,2.256033973
5.622,2.256033973
5.624,2.271148919
5.626,2.497873103
5.628,2.528102994
5.63,2.588562777
5.632,2.497873103
5.634,2.437413321
5.636,2.195574191
5.638,2.195574191
5.64,2.225804082
5.642,2.150229354
5.644,2.180459245
5.646,2.271148919
5.648,2.497873103
5.65,2.54321794
5.652,2.573447831
5.654,2.482758158
5.656,2.256033973
5.658,2.180459245
5.66,2.225804082
5.662,2.135114408
5.664,2.30137881
5.666,2.482758158
5.668,2.482758158
5.67,2.452528266
5.672,2.467643212
5.674,2.392068484
5.676,2.210689136
5.678,2.1653443
5.68,2.135114408
5.682,2.119999463
5.684,2.089769571
5.686,2.346723647
5.688,2.467643212
5.69,2.437413321
5.692,2.376953538
5.694,2.331608701
5.696,2.271148919
5.698,2.361838593
5.7,2.467643212
5.702,2.800172015
5.704,3.057126091
5.706,3.419884786
5.708,3.616379079
5.71,3.8884481
5.712,4.02448261
5.714,4.357011414
5.716,4.50816087
5.718,4.568620653
5.72,4.568620653
5.722,4.341896468
5.724,4.190747012
5.726,4.039597556
5.728,3.812873372
5.73,3.64660897
5.732,3.344310058
5.734,2.92109158
5.736,2.286263864
5.738,2.074654626
5.74,1.953735061
5.742,1.92350517
5.744,2.225804082
5.746,2.497873103
5.748,2.573447831
5.75,2.558332886
5.752,2.528102994
5.754,2.528102994
5.756,2.422298375
5.758,2.30137881
5.76,2.346723647
5.762,2.407183429
5.764,2.467643212
5.766,2.512988049
5.768,2.54321794
5.77,2.512988049
5.772,2.573447831
5.774,2.528102994
5.776,2.331608701
5.778,2.256033973
5.78,2.256033973
5.782,2.407183429
5.784,2.54321794
5.786,2.618792668
5.788,2.679252451
5.79,2.558332886
5.792,2.633907614
5.794,2.512988049
5.796,2.422298375
5.798,2.346723647
5.8,2.392068484
5.802,2.467643212
5.804,2.618792668
5.806,2.679252451
5.808,2.739712233
5.81,2.664137505
5.812,2.633907614
5.814,2.573447831
5.816,2.407183429
5.818,2.316493756
5.82,2.437413321
5.822,2.437413321
5.824,2.528102994
5.826,2.815286961
5.828,2.905976635
5.83,2.754827179
5.832,2.452528266
5.834,2.376953538
5.836,2.482758158
5.838,2.467643212
5.84,2.482758158
5.842,2.54321794
5.844,2.618792668
5.846,2.800172015
5.848,2.815286961
5.85,2.830401907
5.852,2.724597287
5.854,2.588562777
5.856,2.558332886
5.858,2.467643212
5.86,2.528102994
5.862,2.558332886
5.864,2.830401907
5.866,2.815286961
5.868,2.860631798
5.87,2.936206526
5.872,2.754827179
5.874,2.603677722
5.876,2.558332886
5.878,2.573447831
5.88,2.649022559
5.882,2.694367396
5.884,2.845516852
5.886,2.996666308
5.888,3.0268962
5.89,3.042011145
5.892,3.042011145
5.894,2.890861689
5.896,2.754827179
5.898,2.754827179
5.9,2.679252451
5.902,2.815286961
5.904,2.92109158
5.906,3.057126091
5.908,3.072241037
5.91,3.16293071
5.912,3.26873533
5.914,3.057126091
5.916,2.996666308
5.918,3.011781254
5.92,3.102470928
5.922,3.147815765
5.924,3.238505438
5.926,3.344310058
5.928,3.419884786
5.93,3.344310058
5.932,3.419884786
5.934,3.253620384
5.936,3.238505438
5.938,3.117585873
5.94,3.147815765
5.942,3.193160601
5.944,3.419884786
5.946,3.510574459
5.948,3.525689405
5.95,3.495459514
5.952,3.389654895
5.954,3.26873533
5.956,3.147815765
5.958,3.057126091
5.96,3.042011145
5.962,3.102470928
5.964,3.283850275
5.966,3.283850275
5.968,3.253620384
5.97,3.314080166
5.972,3.16293071
5.974,2.875746744
5.976,2.724597287
5.978,2.739712233
5.98,2.709482342
5.982,2.815286961
5.984,2.936206526
5.986,2.981551363
5.988,2.996666308
5.99,2.951321472
5.992,2.78505707
5.994,2.603677722
5.996,2.497873103
5.998,2.467643212
6,2.467643212
6.002,2.573447831
6.004,2.769942124
6.006,2.800172015
6.008,2.815286961
6.01,2.497873103
6.012,2.588562777
6.014,2.467643212
6.016,2.437413321
6.018,2.392068484
6.02,2.422298375
6.022,2.467643212
6.024,2.664137505
6.026,2.664137505
6.028,2.664137505
6.03,2.664137505
6.032,2.54321794
6.034,2.376953538
6.036,2.286263864
6.038,2.346723647
6.04,2.407183429
6.042,2.407183429
6.044,2.54321794
6.046,2.573447831
6.048,2.649022559
6.05,2.588562777
6.052,2.376953538
6.054,2.331608701
6.056,2.361838593
6.058,2.361838593
6.06,2.407183429
6.062,2.452528266
6.064,2.573447831
6.066,2.618792668
6.068,2.649022559
6.07,2.558332886
6.072,2.512988049
6.074,2.376953538
6.076,2.316493756
6.078,2.286263864
6.08,2.331608701
6.082,2.618792668
6.084,2.679252451
6.086,2.588562777
6.088,2.618792668
6.09,2.679252451
6.092,2.588562777
6.094,2.392068484
6.096,2.316493756
6.098,2.422298375
6.1,2.376953538
6.102,2.633907614
6.104,2.694367396
6.106,2.694367396
6.108,2.633907614
6.11,2.679252451
6.112,2.54321794
6.114,2.195574191
6.116,2.30137881
6.118,2.376953538
6.12,2.437413321
6.122,2.603677722
6.124,2.649022559
6.126,2.54321794
6.128,2.618792668
6.13,2.739712233
6.132,2.528102994
6.134,2.452528266
6.136,2.376953538
6.138,2.316493756
6.14,2.361838593
6.142,2.482758158
6.144,2.709482342
6.146,2.679252451
6.148,2.694367396
6.15,2.664137505
6.152,2.437413321
6.154,2.346723647
6.156,2.286263864
6.158,2.376953538
6.16,2.407183429
6.162,2.573447831
6.164,2.739712233
6.166,2.664137505
6.168,2.649022559
6.17,2.588562777
6.172,2.512988049
6.174,2.467643212
6.176,2.376953538
6.178,2.407183429
6.18,2.361838593
6.182,2.573447831
6.184,2.709482342
6.186,2.724597287
6.188,2.754827179
6.19,2.694367396
6.192,2.467643212
6.194,2.331608701
6.196,2.361838593
6.198,2.316493756
6.2,2.361838593
6.202,2.588562777
6.204,2.679252451
6.206,2.558332886
6.208,2.588562777
6.21,2.54321794
6.212,2.437413321
6.214,2.346723647
6.216,2.286263864
6.218,2.407183429
6.22,2.452528266
6.222,2.618792668
6.224,2.573447831
6.226,2.603677722
6.228,2.588562777
6.23,2.482758158
6.232,2.30137881
6.234,2.240919028
6.236,2.30137881
6.238,2.195574191
6.24,2.422298375
6.242,2.709482342
6.244,2.739712233
6.246,2.769942124
6.248,2.649022559
6.25,2.664137505
6.252,2.392068484
6.254,2.361838593
6.256,2.316493756
6.258,2.392068484
6.26,2.407183429
6.262,2.603677722
6.264,2.649022559
6.266,2.664137505
6.268,2.649022559
6.27,2.618792668
6.272,2.467643212
6.274,2.376953538
6.276,2.346723647
6.278,2.30137881
6.28,2.256033973
6.282,2.528102994
6.284,2.633907614
6.286,2.588562777
6.288,2.679252451
6.29,2.528102994
6.292,2.331608701
6.294,2.271148919
6.296,2.30137881
6.298,2.331608701
6.3,2.482758158
6.302,2.633907614
6.304,2.573447831
6.306,2.603677722
6.308,2.649022559
6.31,2.54321794
6.312,2.376953538
6.314,2.271148919
6.316,2.271148919
6.318,2.361838593
6.32,2.407183429
6.322,2.603677722
6.324,2.664137505
6.326,2.709482342
6.328,2.664137505
6.33,2.512988049
6.332,2.376953538
6.334,2.346723647
6.336,2.331608701
6.338,2.225804082
6.34,2.392068484
6.342,2.603677722
6.344,2.679252451
6.346,2.78505707
6.348,2.724597287
6.35,2.573447831
6.352,2.392068484
6.354,2.210689136
6.356,2.240919028
6.358,2.30137881
6.36,2.437413321
6.362,2.664137505
6.364,2.664137505
6.366,2.618792668
6.368,2.633907614
6.37,2.437413321
6.372,2.30137881
6.374,2.180459245
6.376,2.30137881
6.378,2.271148919
6.38,2.54321794
6.382,2.633907614
6.384,2.694367396
6.386,2.618792668
6.388,2.649022559
6.39,2.497873103
6.392,2.346723647
6.394,2.195574191
6.396,2.331608701
6.398,2.437413321
6.4,2.437413321
6.402,2.603677722
6.404,2.618792668
6.406,2.679252451
6.408,2.618792668
6.41,2.331608701
6.412,2.225804082
6.414,2.225804082
6.416,2.1653443
6.418,2.331608701
6.42,2.573447831
6.422,2.709482342
6.424,2.709482342
6.426,2.649022559
6.428,2.588562777
6.43,2.482758158
6.432,2.437413321
6.434,2.331608701
6.436,2.316493756
6.438,2.392068484
6.44,2.664137505
6.442,2.800172015
6.444,2.754827179
6.446,2.800172015
6.448,2.679252451
6.45,2.497873103
6.452,2.316493756
6.454,2.346723647
6.456,2.482758158
6.458,2.497873103
6.46,2.664137505
6.462,2.78505707
6.464,2.890861689
6.466,2.78505707
6.468,2.694367396
6.47,2.512988049
6.472,2.54321794
6.474,2.437413321
6.476,2.54321794
6.478,2.512988049
6.48,2.800172015
6.482,2.845516852
6.484,2.830401907
6.486,2.633907614
6.488,2.724597287
6.49,2.467643212
6.492,2.482758158
6.494,2.437413321
6.496,2.407183429
6.498,2.422298375
6.5,2.603677722
6.502,2.603677722
6.504,2.664137505
6.506,2.603677722
6.508,2.618792668
6.51,2.376953538
6.512,2.316493756
6.514,2.286263864
6.516,2.361838593
6.518,2.346723647
6.52,2.512988049
6.522,2.649022559
6.524,2.724597287
6.526,2.603677722
6.528,2.664137505
6.53,2.422298375
6.532,2.195574191
6.534,2.225804082
6.536,2.316493756
6.538,2.316493756
6.54,2.452528266
6.542,2.664137505
6.544,2.679252451
6.546,2.588562777
6.548,2.452528266
6.55,2.30137881
6.552,2.286263864
6.554,2.256033973
6.556,2.286263864
6.558,2.256033973
6.56,2.618792668
6.562,2.618792668
6.564,2.664137505
6.566,2.573447831
6.568,2.452528266
6.57,2.346723647
6.572,2.225804082
6.574,2.346723647
6.576,2.30137881
6.578,2.361838593
6.58,2.633907614
6.582,2.618792668
6.584,2.588562777
6.586,2.558332886
6.588,2.528102994
6.59,2.286263864
6.592,2.316493756
6.594,2.210689136
6.596,2.30137881
6.598,2.331608701
6.6,2.497873103
6.602,2.482758158
6.604,2.54321794
6.606,2.392068484
6.608,2.331608701
6.61,2.331608701
6.612,2.30137881
6.614,2.437413321
6.616,2.573447831
6.618,2.815286961
6.62,3.102470928
6.622,3.419884786
6.624,3.691953807
6.626,3.858218209
6.628,3.964022828
6.63,4.190747012
6.632,4.402356251
6.634,4.281436686
6.636,4.37212636
6.638,4.341896468
6.64,4.281436686
6.642,4.190747012
6.644,3.918677991
6.646,3.586149188
6.648,3.087355982
6.65,2.482758158
6.652,2.256033973
6.654,2.014194843
6.656,2.074654626
6.658,2.150229354
6.66,2.210689136
6.662,2.316493756
6.664,2.346723647
6.666,2.346723647
6.668,2.407183429
6.67,2.407183429
6.672,2.437413321
6.674,2.392068484
6.676,2.467643212
6.678,2.558332886
6.68,2.679252451
6.682,2.754827179
6.684,2.558332886
6.686,2.497873103
6.688,2.467643212
6.69,2.452528266
6.692,2.346723647
6.694,2.361838593
6.696,2.392068484
6.698,2.54321794
6.7,2.649022559
6.702,2.618792668
6.704,2.769942124
6.706,2.754827179
6.708,2.588562777
6.71,2.437413321
6.712,2.482758158
6.714,2.512988049
6.716,2.573447831
6.718,2.769942124
6.72,2.769942124
6.722,2.588562777
6.724,2.618792668
6.726,2.633907614
6.728,2.588562777
6.73,2.437413321
6.732,2.376953538
6.734,2.422298375
6.736,2.407183429
6.738,2.664137505
6.74,2.800172015
6.742,2.754827179
6.744,2.679252451
6.746,2.664137505
6.748,2.649022559
6.75,2.54321794
6.752,2.558332886
6.754,2.588562777
6.756,2.558332886
6.758,2.830401907
6.76,2.754827179
6.762,2.724597287
6.764,2.78505707
6.766,2.754827179
6.768,2.558332886
6.77,2.649022559
6.772,2.573447831
6.774,2.679252451
6.776,2.709482342
6.778,2.875746744
6.78,3.011781254
6.782,2.966436417
6.784,2.709482342
6.786,2.754827179
6.788,2.679252451
6.79,2.633907614
6.792,2.618792668
6.794,2.694367396
6.796,2.694367396
6.798,2.936206526
6.8,3.042011145
6.802,2.951321472
6.804,2.905976635
6.806,2.966436417
6.808,2.890861689
6.81,2.815286961
6.812,2.78505707
6.814,2.860631798
6.816,2.845516852
6.818,2.951321472
6.82,3.208275547
6.822,3.26873533
6.824,3.283850275
6.826,3.193160601
6.828,3.117585873
6.83,2.890861689
6.832,2.92109158
6.834,3.132700819
6.836,3.117585873
6.838,3.359425003
6.84,3.344310058
6.842,3.389654895
6.844,3.480344568
6.846,3.450114677
6.848,3.072241037
6.85,3.132700819
6.852,3.147815765
6.854,3.208275547
6.856,3.208275547
6.858,3.374539949
6.86,3.510574459
6.862,3.540804351
6.864,3.555919296
6.866,3.450114677
6.868,3.193160601
6.87,3.057126091
6.872,3.057126091
6.874,3.117585873
6.876,3.253620384
6.878,3.40476984
6.88,3.40476984
6.882,3.223390493
6.884,3.208275547
6.886,3.132700819
6.888,3.057126091
6.89,3.057126091
6.892,2.875746744
6.894,2.890861689
6.896,2.845516852
6.898,3.0268962
6.9,3.147815765
6.902,3.042011145
6.904,3.072241037
6.906,2.815286961
6.908,2.633907614
6.91,2.603677722
6.912,2.603677722
6.914,2.649022559
6.916,2.754827179
6.918,2.845516852
6.92,2.800172015
6.922,2.815286961
6.924,2.800172015
6.926,2.709482342
6.928,2.512988049
6.93,2.422298375
6.932,2.376953538
6.934,2.422298375
6.936,2.497873103
6.938,2.664137505
6.94,2.724597287
6.942,2.754827179
6.944,2.709482342
6.946,2.54321794
6.948,2.376953538
6.95,2.376953538
6.952,2.286263864
6.954,2.437413321
6.956,2.497873103
6.958,2.709482342
6.96,2.618792668
6.962,2.573447831
6.964,2.633907614
6.966,2.573447831
6.968,2.407183429
6.97,2.331608701
6.972,2.392068484
6.974,2.437413321
6.976,2.633907614
6.978,2.588562777
6.98,2.528102994
6.982,2.603677722
6.984,2.497873103
6.986,2.482758158
6.988,2.437413321
6.99,2.271148919
6.992,2.361838593
6.994,2.422298375
6.996,2.54321794
6.998,2.618792668
7,2.679252451
7.002,2.724597287
7.004,2.724597287
7.006,2.528102994
7.008,2.30137881
7.01,2.361838593
7.012,2.376953538
7.014,2.346723647
7.016,2.588562777
7.018,2.800172015
7.02,2.815286961
7.022,2.800172015
7.024,2.769942124
7.026,2.512988049
7.028,2.407183429
7.03,2.346723647
7.032,2.437413321
7.034,2.407183429
7.036,2.422298375
7.038,2.78505707
7.04,2.860631798
7.042,2.679252451
7.044,2.649022559
7.046,2.467643212
7.048,2.422298375
7.05,2.452528266
7.052,2.437413321
7.054,2.528102994
7.056,2.558332886
7.058,2.649022559
7.06,2.679252451
7.062,2.664137505
7.064,2.603677722
7.066,2.558332886
7.068,2.452528266
7.07,2.361838593
7.072,2.346723647
7.074,2.437413321
7.076,2.618792668
7.078,2.664137505
7.08,2.709482342
7.082,2.588562777
7.084,2.649022559
7.086,2.558332886
7.088,2.422298375
7.09,2.376953538
7.092,2.437413321
7.094,2.437413321
7.096,2.512988049
7.098,2.709482342
7.1,2.754827179
7.102,2.649022559
7.104,2.376953538
7.106,2.407183429
7.108,2.437413321
7.11,2.452528266
7.112,2.286263864
7.114,2.271148919
7.116,2.679252451
7.118,2.603677722
7.12,2.633907614
7.122,2.664137505
7.124,2.633907614
7.126,2.528102994
7.128,2.271148919
7.13,2.286263864
7.132,2.407183429
7.134,2.422298375
7.136,2.512988049
7.138,2.649022559
7.14,2.512988049
7.142,2.618792668
7.144,2.664137505
7.146,2.437413321
7.148,2.407183429
7.15,2.407183429
7.152,2.392068484
7.154,2.422298375
7.156,2.633907614
7.158,2.679252451
7.16,2.664137505
7.162,2.649022559
7.164,2.573447831
7.166,2.437413321
7.168,2.407183429
7.17,2.407183429
7.172,2.331608701
7.174,2.407183429
7.176,2.497873103
7.178,2.739712233
7.18,2.588562777
7.182,2.467643212
7.184,2.528102994
7.186,2.30137881
7.188,2.286263864
7.19,2.346723647
7.192,2.316493756
7.194,2.346723647
7.196,2.618792668
7.198,2.649022559
7.2,2.588562777
7.202,2.664137505
7.204,2.649022559
7.206,2.271148919
7.208,2.286263864
7.21,2.271148919
7.212,2.346723647
7.214,2.271148919
7.216,2.558332886
7.218,2.694367396
7.22,2.679252451
7.222,2.709482342
7.224,2.588562777
7.226,2.286263864
7.228,2.286263864
7.23,2.286263864
7.232,2.316493756
7.234,2.361838593
7.236,2.649022559
7.238,2.633907614
7.24,2.54321794
7.242,2.603677722
7.244,2.528102994
7.246,2.346723647
7.248,2.331608701
7.25,2.331608701
7.252,2.225804082
7.254,2.452528266
7.256,2.618792668
7.258,2.573447831
7.26,2.512988049
7.262,2.618792668
7.264,2.573447831
7.266,2.407183429
7.268,2.225804082
7.27,2.316493756
7.272,2.286263864
7.274,2.256033973
7.276,2.618792668
7.278,2.649022559
7.28,2.618792668
7.282,2.588562777
7.284,2.422298375
7.286,2.30137881
7.288,2.346723647
7.29,2.392068484
7.292,2.497873103
7.294,2.437413321
7.296,2.664137505
7.298,2.754827179
7.3,2.633907614
7.302,2.679252451
7.304,2.573447831
7.306,2.422298375
7.308,2.331608701
7.31,2.437413321
7.312,2.407183429
7.314,2.664137505
7.316,2.754827179
7.318,2.800172015
7.32,2.78505707
7.322,2.769942124
7.324,2.694367396
7.326,2.54321794
7.328,2.512988049
7.33,2.588562777
7.332,2.346723647
7.334,2.512988049
7.336,2.845516852
7.338,2.905976635
7.34,2.769942124
7.342,2.845516852
7.344,2.694367396
7.346,2.361838593
7.348,2.331608701
7.35,2.407183429
7.352,2.331608701
7.354,2.573447831
7.356,2.709482342
7.358,2.78505707
7.36,2.618792668
7.362,2.603677722
7.364,2.422298375
7.366,2.331608701
7.368,2.286263864
7.37,2.30137881
7.372,2.316493756
7.374,2.588562777
7.376,2.588562777
7.378,2.633907614
7.38,2.694367396
7.382,2.497873103
7.384,2.30137881
7.386,2.407183429
7.388,2.30137881
7.39,2.331608701
7.392,2.361838593
7.394,2.588562777
7.396,2.588562777
7.398,2.512988049
7.4,2.558332886
7.402,2.482758158
7.404,2.361838593
7.406,2.286263864
7.408,2.180459245
7.41,2.135114408
7.412,2.256033973
7.414,2.54321794
7.416,2.649022559
7.418,2.618792668
7.42,2.54321794
7.422,2.603677722
7.424,2.240919028
7.426,2.014194843
7.428,2.195574191
7.43,2.376953538
7.432,2.497873103
7.434,2.588562777
7.436,2.573447831
7.438,2.649022559
7.44,2.528102994
7.442,2.54321794
7.444,2.225804082
7.446,2.195574191
7.448,2.346723647
7.45,2.316493756
7.452,2.286263864
7.454,2.452528266
7.456,2.512988049
7.458,2.573447831
7.46,2.512988049
7.462,2.437413321
7.464,2.195574191
7.466,2.119999463
7.468,2.30137881
7.47,2.331608701
7.472,2.573447831
7.474,2.860631798
7.476,3.102470928
7.478,3.40476984
7.48,3.510574459
7.482,3.64660897
7.484,3.676838861
7.486,3.903563045
7.488,4.26632174
7.49,4.447701088
7.492,4.447701088
7.494,4.37212636
7.496,4.26632174
7.498,4.220976903
7.5,3.918677991
7.502,3.601264133
7.504,3.132700819
7.506,2.603677722
7.508,2.316493756
7.51,2.104884517
7.512,2.074654626
7.514,2.331608701
7.516,2.422298375
7.518,2.497873103
7.52,2.467643212
7.522,2.497873103
7.524,2.422298375
7.526,2.316493756
7.528,2.331608701
7.53,2.467643212
7.532,2.437413321
7.534,2.618792668
7.536,2.709482342
7.538,2.618792668
7.54,2.573447831
7.542,2.54321794
7.544,2.376953538
7.546,2.30137881
7.548,2.316493756
7.55,2.361838593
7.552,2.54321794
7.554,2.649022559
7.556,2.633907614
7.558,2.709482342
7.56,2.664137505
7.562,2.603677722
7.564,2.407183429
7.566,2.331608701
7.568,2.331608701
7.57,2.437413321
7.572,2.528102994
7.574,2.739712233
7.576,2.754827179
7.578,2.603677722
7.58,2.679252451
7.582,2.588562777
7.584,2.482758158
7.586,2.437413321
7.588,2.361838593
7.59,2.437413321
7.592,2.588562777
7.594,2.679252451
7.596,2.724597287
7.598,2.754827179
7.6,2.769942124
7.602,2.618792668
7.604,2.558332886
7.606,2.497873103
7.608,2.482758158
7.61,2.467643212
7.612,2.679252451
7.614,2.815286961
7.616,2.679252451
7.618,2.800172015
7.62,2.709482342
7.622,2.694367396
7.624,2.603677722
7.626,2.528102994
7.628,2.376953538
7.63,2.497873103
7.632,2.724597287
7.634,2.860631798
7.636,2.981551363
7.638,2.830401907
7.64,2.845516852
7.642,2.754827179
7.644,2.603677722
7.646,2.528102994
7.648,2.633907614
7.65,2.649022559
7.652,2.815286961
7.654,2.981551363
7.656,2.966436417
7.658,3.011781254
7.66,3.0268962
7.662,2.890861689
7.664,2.815286961
7.666,2.512988049
7.668,2.664137505
7.67,2.724597287
7.672,2.936206526
7.674,3.042011145
7.676,3.16293071
7.678,3.178045656
7.68,3.147815765
7.682,3.042011145
7.684,2.905976635
7.686,2.936206526
7.688,2.996666308
7.69,3.057126091
7.692,3.223390493
7.694,3.298965221
7.696,3.374539949
7.698,3.465229623
7.7,3.389654895
7.702,3.117585873
7.704,3.102470928
7.706,3.057126091
7.708,3.178045656
7.71,3.16293071
7.712,3.298965221
7.714,3.419884786
7.716,3.434999731
7.718,3.298965221
7.72,3.465229623
7.722,3.223390493
7.724,3.102470928
7.726,3.117585873
7.728,3.117585873
7.73,3.102470928
7.732,3.26873533
7.734,3.26873533
7.736,3.238505438
7.738,3.193160601
7.74,3.283850275
7.742,3.132700819
7.744,2.890861689
7.746,2.815286961
7.748,2.78505707
7.75,2.78505707
7.752,3.042011145
7.754,3.087355982
7.756,3.117585873
7.758,2.936206526
7.76,2.800172015
7.762,2.724597287
7.764,2.588562777
7.766,2.558332886
7.768,2.588562777
7.77,2.588562777
7.772,2.78505707
7.774,2.875746744
7.776,2.875746744
7.778,2.649022559
7.78,2.649022559
7.782,2.346723647
7.784,2.361838593
7.786,2.286263864
7.788,2.30137881
7.79,2.346723647
7.792,2.588562777
7.794,2.694367396
7.796,2.679252451
7.798,2.754827179
7.8,2.724597287
7.802,2.512988049
7.804,2.286263864
7.806,2.361838593
7.808,2.346723647
7.81,2.437413321
7.812,2.588562777
7.814,2.649022559
7.816,2.694367396
7.818,2.633907614
7.82,2.603677722
7.822,2.361838593
7.824,2.119999463
7.826,2.150229354
7.828,2.30137881
7.83,2.512988049
7.832,2.603677722
7.834,2.679252451
7.836,2.664137505
7.838,2.588562777
7.84,2.558332886
7.842,2.422298375
7.844,2.346723647
7.846,2.316493756
7.848,2.180459245
7.85,2.361838593
7.852,2.618792668
7.854,2.512988049
7.856,2.467643212
7.858,2.558332886
7.86,2.54321794
7.862,2.467643212
7.864,2.392068484
7.866,2.240919028
7.868,2.407183429
7.87,2.497873103
7.872,2.603677722
7.874,2.754827179
7.876,2.664137505
7.878,2.633907614
7.88,2.573447831
7.882,2.376953538
7.884,2.361838593
7.886,2.346723647
7.888,2.361838593
7.89,2.528102994
7.892,2.724597287
7.894,2.754827179
7.896,2.724597287
7.898,2.633907614
7.9,2.452528266
7.902,2.346723647
7.904,2.346723647
7.906,2.316493756
7.908,2.437413321
7.91,2.467643212
7.912,2.573447831
7.914,2.588562777
7.916,2.694367396
7.918,2.633907614
7.92,2.528102994
7.922,2.240919028
7.924,2.30137881
7.926,2.407183429
7.928,2.482758158
7.93,2.422298375
7.932,2.603677722
7.934,2.588562777
7.936,2.588562777
7.938,2.694367396
7.94,2.497873103
7.942,2.392068484
7.944,2.392068484
7.946,2.30137881
7.948,2.407183429
7.95,2.588562777
7.952,2.603677722
7.954,2.679252451
7.956,2.679252451
7.958,2.54321794
7.96,2.392068484
7.962,2.316493756
7.964,2.256033973
7.966,2.361838593
7.968,2.407183429
7.97,2.573447831
7.972,2.754827179
7.974,2.467643212
7.976,2.407183429
7.978,2.482758158
7.98,2.361838593
7.982,2.316493756
7.984,2.286263864
7.986,2.180459245
7.988,2.256033973
7.99,2.528102994
7.992,2.618792668
7.994,2.603677722
7.996,2.573447831
7.998,2.558332886
8,2.361838593